ds,y
2024-11-14 11:00:00,374.20654
2024-11-14 11:15:00,241.39558
2024-11-14 11:30:00,367.63406
2024-11-14 11:45:00,384.35928
2024-11-14 12:00:00,376.8968
2024-11-14 12:15:00,408.8922
2024-11-14 12:30:00,328.86108
2024-11-14 12:45:00,362.92065
2024-11-14 13:00:00,414.97293
2024-11-14 13:15:00,357.34125
2024-11-14 13:30:00,431.95004
2024-11-14 13:45:00,469.79443
2024-11-14 14:00:00,321.58813
2024-11-14 14:15:00,1086.8712
2024-11-14 14:30:00,361.07303
2024-11-14 14:45:00,351.0254
2024-11-14 15:00:00,508.90244
2024-11-14 15:15:00,377.1863
2024-11-14 15:30:00,394.75287
2024-11-14 15:45:00,510.7256
2024-11-14 16:00:00,574.17444
2024-11-14 16:15:00,2006.3492
2024-11-14 16:30:00,2524.3333
2024-11-14 16:45:00,507.33334
2024-11-14 17:00:00,687.6667
2024-11-14 17:15:00,971.6667
2024-11-14 17:30:00,1436.0
2024-11-14 17:45:00,1069.6666
2024-11-14 18:00:00,947.6667
2024-11-14 18:15:00,998.0
2024-11-14 18:30:00,1086.5
2024-11-14 18:45:00,994.0
2024-11-14 19:00:00,1034.3334
2024-11-14 19:15:00,986.3333
2024-11-14 19:30:00,900.3333
2024-11-14 19:45:00,1098.3334
2024-11-14 20:00:00,1194.0
2024-11-14 20:15:00,1097.3334
2024-11-14 20:30:00,1116.6666
2024-11-14 20:45:00,922.3333
2024-11-14 21:00:00,2792.3333
2024-11-14 21:15:00,1634.6666
2024-11-14 21:30:00,2642.3333
2024-11-14 21:45:00,2813.0
2024-11-14 22:00:00,1700.6666
2024-11-14 22:15:00,1229.6666
2024-11-14 22:30:00,1051.6666
2024-11-14 22:45:00,672.0
2024-11-14 23:00:00,662.0
2024-11-14 23:15:00,689.3333
2024-11-14 23:30:00,612.0
2024-11-14 23:45:00,634.0
2024-11-15 00:00:00,462.33334
2024-11-15 00:15:00,359.0
2024-11-15 00:30:00,1086.3334
2024-11-15 00:45:00,995.6667
2024-11-15 01:00:00,486.33334
2024-11-15 01:15:00,317.66666
2024-11-15 01:30:00,166.0
2024-11-15 01:45:00,364.33334
2024-11-15 02:00:00,320.66666
2024-11-15 02:15:00,380.0
2024-11-15 02:30:00,428.33334
2024-11-15 02:45:00,372.33334
2024-11-15 03:00:00,229.0
2024-11-15 03:15:00,290.33334
2024-11-15 03:30:00,332.66666
2024-11-15 03:45:00,669.3333
2024-11-15 04:00:00,523.6667
2024-11-15 04:15:00,438.33334
2024-11-15 04:30:00,497.5
2024-11-15 04:45:00,563.3333
2024-11-15 05:00:00,641.6667
2024-11-15 05:15:00,719.6667
2024-11-15 05:30:00,576.3333
2024-11-15 05:45:00,712.6667
2024-11-15 06:00:00,681.3333
2024-11-15 06:15:00,709.0
2024-11-15 06:30:00,773.6667
2024-11-15 06:45:00,646.6667
2024-11-15 07:00:00,581.25916
2024-11-15 07:15:00,667.01276
2024-11-15 07:30:00,606.86255
2024-11-15 07:45:00,714.8391
2024-11-15 08:00:00,770.7221
2024-11-15 08:15:00,584.82135
2024-11-15 08:30:00,1382.9746
2024-11-15 08:45:00,645.17224
2024-11-15 09:00:00,620.40265
2024-11-15 09:15:00,794.0569
2024-11-15 09:30:00,390.79858
2024-11-15 09:45:00,523.6007
2024-11-15 10:00:00,373.45337
2024-11-15 10:15:00,807.45483
2024-11-15 10:30:00,369.47656
2024-11-15 10:45:00,908.7803
2024-11-15 11:00:00,304.86377
2024-11-15 11:15:00,308.63672
2024-11-15 11:30:00,280.4131
2024-11-15 11:45:00,334.96313
2024-11-15 12:00:00,371.01733
2024-11-15 12:15:00,1008.1931
2024-11-15 12:30:00,935.47437
2024-11-15 12:45:00,433.43436
2024-11-15 13:00:00,599.27313
2024-11-15 13:15:00,664.72424
2024-11-15 13:30:00,408.25494
2024-11-15 13:45:00,392.1054
2024-11-15 14:00:00,520.86035
2024-11-15 14:15:00,461.34827
2024-11-15 14:30:00,2144.8499
2024-11-15 14:45:00,414.95123
2024-11-15 15:00:00,317.7907
2024-11-15 15:15:00,544.1738
2024-11-15 15:30:00,601.1836
2024-11-15 15:45:00,597.4867
2024-11-15 16:00:00,658.8437
2024-11-15 16:15:00,540.0118
2024-11-15 16:30:00,560.6667
2024-11-15 16:45:00,780.3333
2024-11-15 17:00:00,796.6667
2024-11-15 17:15:00,2711.0
2024-11-15 17:30:00,1805.6666
2024-11-15 17:45:00,1066.6666
2024-11-15 18:00:00,1359.0
2024-11-15 18:15:00,1300.75
2024-11-15 18:30:00,3556.6667
2024-11-15 18:45:00,2983.0
2024-11-15 19:00:00,2812.6667
2024-11-15 19:15:00,941.3333
2024-11-15 19:30:00,819.3333
2024-11-15 19:45:00,1649.3334
2024-11-15 20:00:00,1117.0
2024-11-15 20:15:00,1613.0
2024-11-15 20:30:00,977.6667
2024-11-15 20:45:00,1634.6666
2024-11-15 21:00:00,827.0
2024-11-15 21:15:00,932.0
2024-11-15 21:30:00,839.6667
2024-11-15 21:45:00,789.6667
2024-11-15 22:00:00,941.0
2024-11-15 22:15:00,1473.6666
2024-11-15 22:30:00,1768.0
2024-11-15 22:45:00,1790.6666
2024-11-15 23:00:00,1637.0
2024-11-15 23:15:00,1645.0
2024-11-15 23:30:00,1658.6666
2024-11-15 23:45:00,642.6667
2024-11-16 00:00:00,780.6667
2024-11-16 00:15:00,633.6667
2024-11-16 00:30:00,372.33334
2024-11-16 00:45:00,327.66666
2024-11-16 01:00:00,295.0
2024-11-16 01:15:00,310.0
2024-11-16 01:30:00,381.0
2024-11-16 01:45:00,353.66666
2024-11-16 02:00:00,359.66666
2024-11-16 02:15:00,299.33334
2024-11-16 02:30:00,220.0
2024-11-16 02:45:00,415.33334
2024-11-16 03:00:00,354.0
2024-11-16 03:15:00,626.6667
2024-11-16 03:30:00,532.0
2024-11-16 03:45:00,333.33334
2024-11-16 04:00:00,384.0
2024-11-16 04:15:00,620.25
2024-11-16 04:30:00,554.0
2024-11-16 04:45:00,647.6667
2024-11-16 05:00:00,752.0
2024-11-16 05:15:00,577.0
2024-11-16 05:30:00,655.3333
2024-11-16 05:45:00,2021.3334
2024-11-16 06:00:00,1183.0
2024-11-16 06:15:00,855.3333
2024-11-16 06:30:00,767.0
2024-11-16 06:45:00,1948.0
2024-11-16 07:00:00,640.96185
2024-11-16 07:15:00,566.86975
2024-11-16 07:30:00,679.5947
2024-11-16 07:45:00,666.0065
2024-11-16 08:00:00,751.15454
2024-11-16 08:15:00,750.4872
2024-11-16 08:30:00,530.95764
2024-11-16 08:45:00,655.30975
2024-11-16 09:00:00,586.8319
2024-11-16 09:15:00,589.31525
2024-11-16 09:30:00,1036.6743
2024-11-16 09:45:00,1277.385
2024-11-16 10:00:00,616.5288
2024-11-16 10:15:00,327.28076
2024-11-16 10:30:00,199.24756
2024-11-16 10:45:00,1040.2249
2024-11-16 11:00:00,320.41064
2024-11-16 11:15:00,539.5908
2024-11-16 11:30:00,313.6223
2024-11-16 11:45:00,271.99097
2024-11-16 12:00:00,327.76978
2024-11-16 12:15:00,650.36584
2024-11-16 12:30:00,1755.9851
2024-11-16 12:45:00,2554.2883
2024-11-16 13:00:00,436.19705
2024-11-16 13:15:00,1054.1335
2024-11-16 13:30:00,1116.3813
2024-11-16 13:45:00,1088.749
2024-11-16 14:00:00,515.72815
2024-11-16 14:15:00,1303.0662
2024-11-16 14:30:00,1607.3856
2024-11-16 14:45:00,439.32947
2024-11-16 15:00:00,509.42487
2024-11-16 15:15:00,450.98813
2024-11-16 15:30:00,693.2969
2024-11-16 15:45:00,723.1581
2024-11-16 16:00:00,692.60724
2024-11-16 16:15:00,1136.1743
2024-11-16 16:30:00,545.3333
2024-11-16 16:45:00,2220.0
2024-11-16 17:00:00,877.3333
2024-11-16 17:15:00,751.0
2024-11-16 17:30:00,823.0
2024-11-16 17:45:00,724.6667
2024-11-16 18:00:00,654.3333
2024-11-16 18:15:00,682.5
2024-11-16 18:30:00,601.3333
2024-11-16 18:45:00,707.6667
2024-11-16 19:00:00,1139.0
2024-11-16 19:15:00,664.3333
2024-11-16 19:30:00,731.3333
2024-11-16 19:45:00,691.0
2024-11-16 20:00:00,527.0
2024-11-16 20:15:00,684.6667
2024-11-16 20:30:00,800.3333
2024-11-16 20:45:00,635.3333
2024-11-16 21:00:00,672.6667
2024-11-16 21:15:00,587.3333
2024-11-16 21:30:00,610.0
2024-11-16 21:45:00,1509.3334
2024-11-16 22:00:00,777.0
2024-11-16 22:15:00,799.3333
2024-11-16 22:30:00,878.3333
2024-11-16 22:45:00,886.6667
2024-11-16 23:00:00,689.0
2024-11-16 23:15:00,1971.3334
2024-11-16 23:30:00,1563.3334
2024-11-16 23:45:00,1835.0
2024-11-17 00:00:00,389.0
2024-11-17 00:15:00,356.33334
2024-11-17 00:30:00,438.66666
2024-11-17 00:45:00,472.33334
2024-11-17 01:00:00,550.0
2024-11-17 01:15:00,473.33334
2024-11-17 01:30:00,388.33334
2024-11-17 01:45:00,538.6667
2024-11-17 02:00:00,500.0
2024-11-17 02:15:00,534.0
2024-11-17 02:30:00,576.6667
2024-11-17 02:45:00,414.66666
2024-11-17 03:00:00,1191.3334
2024-11-17 03:15:00,452.66666
2024-11-17 03:30:00,412.0
2024-11-17 03:45:00,631.3333
2024-11-17 04:00:00,738.3333
2024-11-17 04:15:00,654.0
2024-11-17 04:30:00,690.0
2024-11-17 04:45:00,599.3333
2024-11-17 05:00:00,554.0
2024-11-17 05:15:00,517.0
2024-11-17 05:30:00,638.6667
2024-11-17 05:45:00,746.6667
2024-11-17 06:00:00,671.3333
2024-11-17 06:15:00,557.6667
2024-11-17 06:30:00,592.3333
2024-11-17 06:45:00,693.3333
2024-11-17 07:00:00,671.0
2024-11-17 07:15:00,860.84314
2024-11-17 07:30:00,716.9807
2024-11-17 07:45:00,699.2572
2024-11-17 08:00:00,767.20935
2024-11-17 08:15:00,567.8213
2024-11-17 08:30:00,693.1767
2024-11-17 08:45:00,730.3786
2024-11-17 09:00:00,616.5034
2024-11-17 09:15:00,682.29895
2024-11-17 09:30:00,1395.579
2024-11-17 09:45:00,1256.1594
2024-11-17 10:00:00,448.07092
2024-11-17 10:15:00,493.08386
2024-11-17 10:30:00,1247.7644
2024-11-17 10:45:00,699.5145
2024-11-17 11:00:00,880.208
2024-11-17 11:15:00,810.1987
2024-11-17 11:30:00,587.6489
2024-11-17 11:45:00,674.14404
2024-11-17 12:00:00,692.3967
2024-11-17 12:15:00,641.8301
2024-11-17 12:30:00,612.827
2024-11-17 12:45:00,1501.324
2024-11-17 13:00:00,2092.1133
2024-11-17 13:15:00,1410.8461
2024-11-17 13:30:00,3913.3303
2024-11-17 13:45:00,2405.7742
2024-11-17 14:00:00,1551.646
2024-11-17 14:15:00,1921.776
2024-11-17 14:30:00,1226.4974
2024-11-17 14:45:00,1357.4667
2024-11-17 15:00:00,892.0481
2024-11-17 15:15:00,2324.657
2024-11-17 15:30:00,3914.1323
2024-11-17 15:45:00,4160.621
2024-11-17 16:00:00,2039.7336
2024-11-17 16:15:00,1452.6873
2024-11-17 16:30:00,2535.6667
2024-11-17 16:45:00,1583.0
2024-11-17 17:00:00,1684.6666
2024-11-17 17:15:00,1304.0
2024-11-17 17:30:00,2226.0
2024-11-17 17:45:00,1337.6666
2024-11-17 18:00:00,3559.6667
2024-11-17 18:15:00,1845.0
2024-11-17 18:30:00,1994.6666
2024-11-17 18:45:00,1427.6666
2024-11-17 19:00:00,1543.0
2024-11-17 19:15:00,1965.0
2024-11-17 19:30:00,2669.0
2024-11-17 19:45:00,1460.6666
2024-11-17 20:00:00,2788.6667
2024-11-17 20:15:00,2849.3333
2024-11-17 20:30:00,2400.6667
2024-11-17 20:45:00,1208.6666
2024-11-17 21:00:00,1085.0
2024-11-17 21:15:00,1178.3334
2024-11-17 21:30:00,2752.3333
2024-11-17 21:45:00,1633.6666
2024-11-17 22:00:00,926.6667
2024-11-17 22:15:00,1658.0
2024-11-17 22:30:00,1142.6666
2024-11-17 22:45:00,2352.0
2024-11-17 23:00:00,926.3333
2024-11-17 23:15:00,1465.0
2024-11-17 23:30:00,633.0
2024-11-17 23:45:00,636.3333
2024-11-18 00:00:00,743.6667
2024-11-18 00:15:00,664.0
2024-11-18 00:30:00,676.6667
2024-11-18 00:45:00,618.0
2024-11-18 01:00:00,429.0
2024-11-18 01:15:00,542.6667
2024-11-18 01:30:00,385.33334
2024-11-18 01:45:00,416.33334
2024-11-18 02:00:00,485.66666
2024-11-18 02:15:00,338.33334
2024-11-18 02:30:00,300.0
2024-11-18 02:45:00,315.33334
2024-11-18 03:00:00,330.0
2024-11-18 03:15:00,389.66666
2024-11-18 03:30:00,479.66666
2024-11-18 03:45:00,2168.6667
2024-11-18 04:00:00,2221.3333
2024-11-18 04:15:00,785.25
2024-11-18 04:30:00,612.3333
2024-11-18 04:45:00,575.3333
2024-11-18 05:00:00,650.0
2024-11-18 05:15:00,577.0
2024-11-18 05:30:00,764.0
2024-11-18 05:45:00,657.0
2024-11-18 06:00:00,1059.6666
2024-11-18 06:15:00,1032.0
2024-11-18 06:30:00,566.6667
2024-11-18 06:45:00,628.6667
2024-11-18 07:00:00,550.0
2024-11-18 07:15:00,650.01483
2024-11-18 07:30:00,820.5302
2024-11-18 07:45:00,701.1423
2024-11-18 08:00:00,613.5687
2024-11-18 08:15:00,637.10645
2024-11-18 08:30:00,583.87585
2024-11-18 08:45:00,644.391
2024-11-18 09:00:00,715.0809
2024-11-18 09:15:00,571.35333
2024-11-18 09:30:00,626.6947
2024-11-18 09:45:00,636.32654
2024-11-18 10:00:00,907.2672
2024-11-18 10:15:00,498.85425
2024-11-18 10:30:00,477.15253
2024-11-18 10:45:00,531.6565
2024-11-18 11:00:00,419.73608
2024-11-18 11:15:00,286.55347
2024-11-18 11:30:00,747.458
2024-11-18 11:45:00,897.13525
2024-11-18 12:00:00,370.13965
2024-11-18 12:15:00,428.912
2024-11-18 12:30:00,382.20544
2024-11-18 12:45:00,226.4524
2024-11-18 13:00:00,418.72168
2024-11-18 13:15:00,1300.4283
2024-11-18 13:30:00,283.49463
2024-11-18 13:45:00,412.69714
2024-11-18 14:00:00,370.15332
2024-11-18 14:15:00,344.80884
2024-11-18 14:30:00,405.80618
2024-11-18 14:45:00,348.44595
2024-11-18 15:00:00,321.44818
2024-11-18 15:15:00,415.93762
2024-11-18 15:30:00,316.96857
2024-11-18 15:45:00,430.51437
2024-11-18 16:00:00,463.05807
2024-11-18 16:15:00,329.33334
2024-11-18 16:30:00,434.33334
2024-11-18 16:45:00,647.6667
2024-11-18 17:00:00,764.6667
2024-11-18 17:15:00,833.3333
2024-11-18 17:30:00,774.6667
2024-11-18 17:45:00,736.3333
2024-11-18 18:00:00,792.6667
2024-11-18 18:15:00,792.6667
2024-11-18 18:30:00,2200.0
2024-11-18 18:45:00,2884.3333
2024-11-18 19:00:00,1599.3334
2024-11-18 19:15:00,956.3333
2024-11-18 19:30:00,1171.0
2024-11-18 19:45:00,1693.6666
2024-11-18 20:00:00,1532.3334
2024-11-18 20:15:00,1359.3334
2024-11-18 20:30:00,1220.0
2024-11-18 20:45:00,1911.6666
2024-11-18 21:00:00,1246.5
2024-11-18 21:15:00,1217.3334
2024-11-18 21:30:00,1262.6666
2024-11-18 21:45:00,1243.6666
2024-11-18 22:00:00,1049.0
2024-11-18 22:15:00,1088.3334
2024-11-18 22:30:00,1075.0
2024-11-18 22:45:00,835.3333
2024-11-18 23:00:00,883.0
2024-11-18 23:15:00,817.6667
2024-11-18 23:30:00,692.3333
2024-11-18 23:45:00,733.3333
2024-11-19 00:00:00,679.3333
2024-11-19 00:15:00,559.3333
2024-11-19 00:30:00,542.6667
2024-11-19 00:45:00,452.33334
2024-11-19 01:00:00,537.6667
2024-11-19 01:15:00,520.0
2024-11-19 01:30:00,426.66666
2024-11-19 01:45:00,618.0
2024-11-19 02:00:00,553.0
2024-11-19 02:15:00,408.0
2024-11-19 02:30:00,433.0
2024-11-19 02:45:00,421.33334
2024-11-19 03:00:00,334.33334
2024-11-19 03:15:00,398.33334
2024-11-19 03:30:00,273.33334
2024-11-19 03:45:00,192.33333
2024-11-19 04:00:00,339.66666
2024-11-19 04:15:00,350.0
2024-11-19 04:30:00,315.66666
2024-11-19 04:45:00,670.0
2024-11-19 05:00:00,348.66666
2024-11-19 05:15:00,578.3333
2024-11-19 05:30:00,569.6667
2024-11-19 05:45:00,631.6667
2024-11-19 06:00:00,723.0
2024-11-19 06:15:00,933.0
2024-11-19 06:30:00,809.3333
2024-11-19 06:45:00,700.0
2024-11-19 07:00:00,652.6667
2024-11-19 07:15:00,556.3333
2024-11-19 07:30:00,695.7101
2024-11-19 07:45:00,843.854
2024-11-19 08:00:00,682.0409
2024-11-19 08:15:00,652.43286
2024-11-19 08:30:00,594.6228
2024-11-19 08:45:00,514.6741
2024-11-19 09:00:00,676.4207
2024-11-19 09:15:00,723.2254
2024-11-19 09:30:00,1306.9995
2024-11-19 09:45:00,694.3291
2024-11-19 10:00:00,591.8115
2024-11-19 10:15:00,1874.1199
2024-11-19 10:30:00,993.6001
2024-11-19 10:45:00,1690.8931
2024-11-19 11:00:00,1149.4493
2024-11-19 11:15:00,1756.3485
2024-11-19 11:30:00,1586.1228
2024-11-19 11:45:00,370.12482
2024-11-19 12:00:00,367.25854
2024-11-19 12:15:00,419.5716
2024-11-19 12:30:00,877.9396
2024-11-19 12:45:00,863.6725
2024-11-19 13:00:00,547.0983
2024-11-19 13:15:00,1537.3958
2024-11-19 13:30:00,1293.2357
2024-11-19 13:45:00,594.1738
2024-11-19 14:00:00,567.36755
2024-11-19 14:15:00,566.2604
2024-11-19 14:30:00,539.3623
2024-11-19 14:45:00,1743.9541
2024-11-19 15:00:00,1030.2855
2024-11-19 15:15:00,2335.7178
2024-11-19 15:30:00,515.18353
2024-11-19 15:45:00,472.45135
2024-11-19 16:00:00,554.51447
2024-11-19 16:15:00,852.2453
2024-11-19 16:30:00,634.6667
2024-11-19 16:45:00,850.3333
2024-11-19 17:00:00,812.0
2024-11-19 17:15:00,914.3333
2024-11-19 17:30:00,1755.0
2024-11-19 17:45:00,2666.6667
2024-11-19 18:00:00,1580.0
2024-11-19 18:15:00,1274.0
2024-11-19 18:30:00,909.25
2024-11-19 18:45:00,1036.0
2024-11-19 19:00:00,1503.6666
2024-11-19 19:15:00,935.6667
2024-11-19 19:30:00,1007.3333
2024-11-19 19:45:00,1131.0
2024-11-19 20:00:00,1109.0
2024-11-19 20:15:00,1130.0
2024-11-19 20:30:00,1208.0
2024-11-19 20:45:00,1159.6666
2024-11-19 21:00:00,1297.0
2024-11-19 21:15:00,1277.0
2024-11-19 21:30:00,1076.3334
2024-11-19 21:45:00,999.3333
2024-11-19 22:00:00,1032.3334
2024-11-19 22:15:00,906.0
2024-11-19 22:30:00,845.3333
2024-11-19 22:45:00,740.3333
2024-11-19 23:00:00,667.3333
2024-11-19 23:15:00,695.3333
2024-11-19 23:30:00,1188.3334
2024-11-19 23:45:00,431.0
2024-11-20 00:00:00,1641.0
2024-11-20 00:15:00,545.0
2024-11-20 00:30:00,379.0
2024-11-20 00:45:00,538.3333
2024-11-20 01:00:00,585.0
2024-11-20 01:15:00,437.33334
2024-11-20 01:30:00,828.6667
2024-11-20 01:45:00,617.3333
2024-11-20 02:00:00,554.0
2024-11-20 02:15:00,403.0
2024-11-20 02:30:00,425.66666
2024-11-20 02:45:00,326.0
2024-11-20 03:00:00,291.33334
2024-11-20 03:15:00,502.0
2024-11-20 03:30:00,685.3333
2024-11-20 03:45:00,345.33334
2024-11-20 04:00:00,661.0
2024-11-20 04:15:00,369.0
2024-11-20 04:30:00,543.75
2024-11-20 04:45:00,586.0
2024-11-20 05:00:00,748.0
2024-11-20 05:15:00,631.0
2024-11-20 05:30:00,746.0
2024-11-20 05:45:00,609.0
2024-11-20 06:00:00,626.6667
2024-11-20 06:15:00,817.3333
2024-11-20 06:30:00,778.6667
2024-11-20 06:45:00,598.0
2024-11-20 07:00:00,677.3333
2024-11-20 07:15:00,657.03394
2024-11-20 07:30:00,641.22205
2024-11-20 07:45:00,789.63275
2024-11-20 08:00:00,773.5197
2024-11-20 08:15:00,537.74536
2024-11-20 08:30:00,672.56177
2024-11-20 08:45:00,614.3473
2024-11-20 09:00:00,655.6324
2024-11-20 09:15:00,731.9828
2024-11-20 09:30:00,754.71564
2024-11-20 09:45:00,727.6594
2024-11-20 10:00:00,765.77814
2024-11-20 10:15:00,240.4917
2024-11-20 10:30:00,370.88272
2024-11-20 10:45:00,399.0446
2024-11-20 11:00:00,315.75034
2024-11-20 11:15:00,441.28976
2024-11-20 11:30:00,366.26495
2024-11-20 11:45:00,211.26358
2024-11-20 12:00:00,338.30893
2024-11-20 12:15:00,353.33258
2024-11-20 12:30:00,713.31775
2024-11-20 12:45:00,2465.3152
2024-11-20 13:00:00,1240.0515
2024-11-20 13:15:00,374.40353
2024-11-20 13:30:00,500.14178
2024-11-20 13:45:00,498.90637
2024-11-20 14:00:00,326.85156
2024-11-20 14:15:00,393.313
2024-11-20 14:30:00,379.13226
2024-11-20 14:45:00,290.69803
2024-11-20 15:00:00,383.80008
2024-11-20 15:15:00,358.50168
2024-11-20 15:30:00,308.3476
2024-11-20 15:45:00,594.6667
2024-11-20 16:00:00,556.3333
2024-11-20 16:15:00,1658.3334
2024-11-20 16:30:00,1104.3334
2024-11-20 16:45:00,1125.6666
2024-11-20 17:00:00,609.6667
2024-11-20 17:15:00,755.0
2024-11-20 17:30:00,821.0
2024-11-20 17:45:00,766.0
2024-11-20 18:00:00,742.75
2024-11-20 18:15:00,700.3333
2024-11-20 18:30:00,877.6667
2024-11-20 18:45:00,2052.0
2024-11-20 19:00:00,2220.6667
2024-11-20 19:15:00,1967.3334
2024-11-20 19:30:00,1063.3334
2024-11-20 19:45:00,1944.6666
2024-11-20 20:00:00,1268.0
2024-11-20 20:15:00,1162.3334
2024-11-20 20:30:00,2421.3333
2024-11-20 20:45:00,2428.6667
2024-11-20 21:00:00,1107.6666
2024-11-20 21:15:00,965.6667
2024-11-20 21:30:00,1061.0
2024-11-20 21:45:00,1033.3334
2024-11-20 22:00:00,1143.3334
2024-11-20 22:15:00,1008.3333
2024-11-20 22:30:00,748.0
2024-11-20 22:45:00,689.3333
2024-11-20 23:00:00,658.3333
2024-11-20 23:15:00,545.0
2024-11-20 23:30:00,730.3333
2024-11-20 23:45:00,747.0
2024-11-21 00:00:00,572.0
2024-11-21 00:15:00,606.6667
2024-11-21 00:30:00,471.66666
2024-11-21 00:45:00,383.0
2024-11-21 01:00:00,435.33334
2024-11-21 01:15:00,416.66666
2024-11-21 01:30:00,431.0
2024-11-21 01:45:00,376.0
2024-11-21 02:00:00,313.0
2024-11-21 02:15:00,372.33334
2024-11-21 02:30:00,364.66666
2024-11-21 02:45:00,256.66666
2024-11-21 03:00:00,381.66666
2024-11-21 03:15:00,371.0
2024-11-21 03:30:00,352.66666
2024-11-21 03:45:00,368.33334
2024-11-21 04:00:00,386.66666
2024-11-21 04:15:00,216.66667
2024-11-21 04:30:00,393.0
2024-11-21 04:45:00,448.66666
2024-11-21 05:00:00,519.3333
2024-11-21 05:15:00,1402.3334
2024-11-21 05:30:00,802.3333
2024-11-21 05:45:00,888.0
2024-11-21 06:00:00,1143.0
2024-11-21 06:15:00,542.0
2024-11-21 06:30:00,658.6667
2024-11-21 06:45:00,735.6667
2024-11-21 07:00:00,507.66666
2024-11-21 07:15:00,770.308
2024-11-21 07:30:00,807.1647
2024-11-21 07:45:00,579.06433
2024-11-21 08:00:00,597.3078
2024-11-21 08:15:00,640.30255
2024-11-21 08:30:00,604.84265
2024-11-21 08:45:00,750.15515
2024-11-21 09:00:00,774.0415
2024-11-21 09:15:00,633.90796
2024-11-21 09:30:00,664.2839
2024-11-21 09:45:00,579.12933
2024-11-21 10:00:00,630.5176
2024-11-21 10:15:00,366.91504
2024-11-21 10:30:00,338.8711
2024-11-21 10:45:00,433.8286
2024-11-21 11:00:00,367.61475
2024-11-21 11:15:00,250.65625
2024-11-21 11:30:00,286.81372
2024-11-21 11:45:00,331.47107
2024-11-21 12:00:00,267.00964
2024-11-21 12:15:00,484.45325
2024-11-21 12:30:00,414.05493
2024-11-21 12:45:00,313.68335
2024-11-21 13:00:00,462.22443
2024-11-21 13:15:00,400.78772
2024-11-21 13:30:00,793.7116
2024-11-21 13:45:00,628.25525
2024-11-21 14:00:00,468.24115
2024-11-21 14:15:00,382.18106
2024-11-21 14:30:00,409.60712
2024-11-21 14:45:00,332.9418
2024-11-21 15:00:00,325.19763
2024-11-21 15:15:00,398.07816
2024-11-21 15:30:00,409.21207
2024-11-21 15:45:00,484.33472
2024-11-21 16:00:00,530.7717
2024-11-21 16:15:00,453.66666
2024-11-21 16:30:00,671.6667
2024-11-21 16:45:00,891.0
2024-11-21 17:00:00,879.0
2024-11-21 17:15:00,979.3333
2024-11-21 17:30:00,914.6667
2024-11-21 17:45:00,859.6667
2024-11-21 18:00:00,950.5
2024-11-21 18:15:00,1059.3334
2024-11-21 18:30:00,1106.6666
2024-11-21 18:45:00,1226.6666
2024-11-21 19:00:00,1253.3334
2024-11-21 19:15:00,1100.3334
2024-11-21 19:30:00,3105.6667
2024-11-21 19:45:00,2628.0
2024-11-21 20:00:00,2034.3334
2024-11-21 20:15:00,1246.0
2024-11-21 20:30:00,1202.6666
2024-11-21 20:45:00,1112.3334
2024-11-21 21:00:00,1059.6666
2024-11-21 21:15:00,1119.0
2024-11-21 21:30:00,1011.0
2024-11-21 21:45:00,987.6667
2024-11-21 22:00:00,1015.3333
2024-11-21 22:15:00,1115.3334
2024-11-21 22:30:00,860.0
2024-11-21 22:45:00,862.0
2024-11-21 23:00:00,824.3333
2024-11-21 23:15:00,633.0
2024-11-21 23:30:00,771.6667
2024-11-21 23:45:00,619.3333
2024-11-22 00:00:00,473.0
2024-11-22 00:15:00,593.6667
2024-11-22 00:30:00,466.66666
2024-11-22 00:45:00,384.33334
2024-11-22 01:00:00,561.6667
2024-11-22 01:15:00,456.33334
2024-11-22 01:30:00,446.66666
2024-11-22 01:45:00,486.33334
2024-11-22 02:00:00,418.33334
2024-11-22 02:15:00,508.66666
2024-11-22 02:30:00,604.6667
2024-11-22 02:45:00,421.66666
2024-11-22 03:00:00,544.0
2024-11-22 03:15:00,458.66666
2024-11-22 03:30:00,324.0
2024-11-22 03:45:00,432.0
2024-11-22 04:00:00,533.5
2024-11-22 04:15:00,471.0
2024-11-22 04:30:00,574.6667
2024-11-22 04:45:00,462.0
2024-11-22 05:00:00,346.0
2024-11-22 05:15:00,588.3333
2024-11-22 05:30:00,565.0
2024-11-22 05:45:00,430.33334
2024-11-22 06:00:00,825.6667
2024-11-22 06:15:00,538.0
2024-11-22 06:30:00,632.6667
2024-11-22 06:45:00,1638.6666
2024-11-22 07:00:00,716.3333
2024-11-22 07:15:00,742.3333
2024-11-22 07:30:00,762.0
2024-11-22 07:45:00,751.6667
2024-11-22 08:00:00,860.3333
2024-11-22 08:15:00,1439.3334
2024-11-22 08:30:00,990.517
2024-11-22 08:45:00,842.86316
2024-11-22 09:00:00,742.7488
2024-11-22 09:15:00,680.76025
2024-11-22 09:30:00,826.5661
2024-11-22 09:45:00,707.06323
2024-11-22 10:00:00,781.103
2024-11-22 10:15:00,744.19904
2024-11-22 10:30:00,485.60153
2024-11-22 10:45:00,570.3562
2024-11-22 11:00:00,524.81464
2024-11-22 11:15:00,857.8042
2024-11-22 11:30:00,439.91327
2024-11-22 11:45:00,467.40817
2024-11-22 12:00:00,467.81152
2024-11-22 12:15:00,605.26514
2024-11-22 12:30:00,489.9016
2024-11-22 12:45:00,456.5713
2024-11-22 13:00:00,516.9235
2024-11-22 13:15:00,490.11865
2024-11-22 13:30:00,578.3827
2024-11-22 13:45:00,688.69104
2024-11-22 14:00:00,510.86343
2024-11-22 14:15:00,590.0032
2024-11-22 14:30:00,554.7473
2024-11-22 14:45:00,413.24527
2024-11-22 15:00:00,606.91345
2024-11-22 15:15:00,506.52124
2024-11-22 15:30:00,1231.0498
2024-11-22 15:45:00,2838.7598
2024-11-22 16:00:00,3048.83
2024-11-22 16:15:00,3178.1475
2024-11-22 16:30:00,1887.3334
2024-11-22 16:45:00,1948.0
2024-11-22 17:00:00,1389.3334
2024-11-22 17:15:00,954.0
2024-11-22 17:30:00,930.3333
2024-11-22 17:45:00,1245.0
2024-11-22 18:00:00,1140.6666
2024-11-22 18:15:00,875.3333
2024-11-22 18:30:00,1565.0
2024-11-22 18:45:00,1072.0
2024-11-22 19:00:00,1072.6666
2024-11-22 19:15:00,1138.3334
2024-11-22 19:30:00,989.6667
2024-11-22 19:45:00,1204.3334
2024-11-22 20:00:00,1199.6666
2024-11-22 20:15:00,1143.3334
2024-11-22 20:30:00,2856.0
2024-11-22 20:45:00,1136.0
2024-11-22 21:00:00,1119.3334
2024-11-22 21:15:00,1122.3334
2024-11-22 21:30:00,1202.0
2024-11-22 21:45:00,1090.6666
2024-11-22 22:00:00,997.0
2024-11-22 22:15:00,926.3333
2024-11-22 22:30:00,934.0
2024-11-22 22:45:00,838.0
2024-11-22 23:00:00,819.3333
2024-11-22 23:15:00,793.6667
2024-11-22 23:30:00,870.6667
2024-11-22 23:45:00,861.6667
2024-11-23 00:00:00,749.3333
2024-11-23 00:15:00,756.0
2024-11-23 00:30:00,783.6667
2024-11-23 00:45:00,982.3333
2024-11-23 01:00:00,711.0
2024-11-23 01:15:00,670.3333
2024-11-23 01:30:00,441.33334
2024-11-23 01:45:00,508.33334
2024-11-23 02:00:00,496.66666
2024-11-23 02:15:00,409.33334
2024-11-23 02:30:00,646.3333
2024-11-23 02:45:00,631.3333
2024-11-23 03:00:00,448.66666
2024-11-23 03:15:00,652.3333
2024-11-23 03:30:00,587.3333
2024-11-23 03:45:00,462.66666
2024-11-23 04:00:00,702.6667
2024-11-23 04:15:00,475.33334
2024-11-23 04:30:00,606.3333
2024-11-23 04:45:00,611.0
2024-11-23 05:00:00,684.3333
2024-11-23 05:15:00,716.6667
2024-11-23 05:30:00,833.6667
2024-11-23 05:45:00,800.3333
2024-11-23 06:00:00,867.6667
2024-11-23 06:15:00,779.6667
2024-11-23 06:30:00,650.6667
2024-11-23 06:45:00,783.6667
2024-11-23 07:00:00,821.6667
2024-11-23 07:15:00,794.6667
2024-11-23 07:30:00,997.09595
2024-11-23 07:45:00,851.3017
2024-11-23 08:00:00,763.7822
2024-11-23 08:15:00,778.40967
2024-11-23 08:30:00,767.7414
2024-11-23 08:45:00,890.31854
2024-11-23 09:00:00,1269.164
2024-11-23 09:15:00,1644.9982
2024-11-23 09:30:00,1055.116
2024-11-23 09:45:00,931.72253
2024-11-23 10:00:00,849.35785
2024-11-23 10:15:00,883.3346
2024-11-23 10:30:00,694.7888
2024-11-23 10:45:00,857.2173
2024-11-23 11:00:00,2139.5933
2024-11-23 11:15:00,1313.8492
2024-11-23 11:30:00,2025.5088
2024-11-23 11:45:00,768.4857
2024-11-23 12:00:00,820.5488
2024-11-23 12:15:00,867.0188
2024-11-23 12:30:00,2203.374
2024-11-23 12:45:00,866.01245
2024-11-23 13:00:00,2516.231
2024-11-23 13:15:00,1419.3762
2024-11-23 13:30:00,935.66656
2024-11-23 13:45:00,984.6323
2024-11-23 14:00:00,1050.0635
2024-11-23 14:15:00,2192.335
2024-11-23 14:30:00,3192.148
2024-11-23 14:45:00,3247.2134
2024-11-23 15:00:00,1045.6874
2024-11-23 15:15:00,1025.1222
2024-11-23 15:30:00,934.3867
2024-11-23 15:45:00,1644.6488
2024-11-23 16:00:00,2237.2896
2024-11-23 16:15:00,1505.6666
2024-11-23 16:30:00,1040.6666
2024-11-23 16:45:00,2318.0
2024-11-23 17:00:00,3216.3333
2024-11-23 17:15:00,3129.0
2024-11-23 17:30:00,2946.0
2024-11-23 17:45:00,3202.6667
2024-11-23 18:00:00,2108.6667
2024-11-23 18:15:00,3165.25
2024-11-23 18:30:00,2173.3333
2024-11-23 18:45:00,2530.6667
2024-11-23 19:00:00,2956.6667
2024-11-23 19:15:00,2410.0
2024-11-23 19:30:00,2410.3333
2024-11-23 19:45:00,2271.6667
2024-11-23 20:00:00,2312.0
2024-11-23 20:15:00,1700.0
2024-11-23 20:30:00,1165.6666
2024-11-23 20:45:00,1060.6666
2024-11-23 21:00:00,1040.0
2024-11-23 21:15:00,980.6667
2024-11-23 21:30:00,828.3333
2024-11-23 21:45:00,1036.3334
2024-11-23 22:00:00,1142.6666
2024-11-23 22:15:00,1026.0
2024-11-23 22:30:00,1100.3334
2024-11-23 22:45:00,1035.3334
2024-11-23 23:00:00,799.0
2024-11-23 23:15:00,691.6667
2024-11-23 23:30:00,767.0
2024-11-23 23:45:00,670.6667
2024-11-24 00:00:00,608.3333
2024-11-24 00:15:00,684.0
2024-11-24 00:30:00,643.6667
2024-11-24 00:45:00,571.3333
2024-11-24 01:00:00,625.6667
2024-11-24 01:15:00,582.6667
2024-11-24 01:30:00,462.66666
2024-11-24 01:45:00,466.0
2024-11-24 02:00:00,358.0
2024-11-24 02:15:00,436.0
2024-11-24 02:30:00,532.0
2024-11-24 02:45:00,508.66666
2024-11-24 03:00:00,411.33334
2024-11-24 03:15:00,521.3333
2024-11-24 03:30:00,333.0
2024-11-24 03:45:00,574.3333
2024-11-24 04:00:00,729.0
2024-11-24 04:15:00,729.5
2024-11-24 04:30:00,567.3333
2024-11-24 04:45:00,689.0
2024-11-24 05:00:00,592.6667
2024-11-24 05:15:00,483.33334
2024-11-24 05:30:00,692.6667
2024-11-24 05:45:00,745.0
2024-11-24 06:00:00,598.0
2024-11-24 06:15:00,699.6667
2024-11-24 06:30:00,594.0
2024-11-24 06:45:00,669.3333
2024-11-24 07:00:00,625.31116
2024-11-24 07:15:00,747.91974
2024-11-24 07:30:00,874.7208
2024-11-24 07:45:00,828.9504
2024-11-24 08:00:00,692.428
2024-11-24 08:15:00,604.4044
2024-11-24 08:30:00,1783.6118
2024-11-24 08:45:00,835.77405
2024-11-24 09:00:00,920.0906
2024-11-24 09:15:00,878.5598
2024-11-24 09:30:00,778.85956
2024-11-24 09:45:00,921.9144
2024-11-24 10:00:00,549.15564
2024-11-24 10:15:00,487.31445
2024-11-24 10:30:00,580.4933
2024-11-24 10:45:00,465.8777
2024-11-24 11:00:00,443.17706
2024-11-24 11:15:00,600.0636
2024-11-24 11:30:00,1567.5251
2024-11-24 11:45:00,2504.8179
2024-11-24 12:00:00,3580.7224
2024-11-24 12:15:00,3451.9023
2024-11-24 12:30:00,4965.46
2024-11-24 12:45:00,1634.2861
2024-11-24 13:00:00,1293.1908
2024-11-24 13:15:00,1983.1526
2024-11-24 13:30:00,1498.646
2024-11-24 13:45:00,1131.1113
2024-11-24 14:00:00,2567.9702
2024-11-24 14:15:00,1997.8474
2024-11-24 14:30:00,1343.4863
2024-11-24 14:45:00,788.73846
2024-11-24 15:00:00,617.95294
2024-11-24 15:15:00,741.07135
2024-11-24 15:30:00,815.2563
2024-11-24 15:45:00,648.0505
2024-11-24 16:00:00,723.06055
2024-11-24 16:15:00,692.6667
2024-11-24 16:30:00,627.6667
2024-11-24 16:45:00,948.0
2024-11-24 17:00:00,875.6667
2024-11-24 17:15:00,1926.6666
2024-11-24 17:30:00,1491.6666
2024-11-24 17:45:00,968.6667
2024-11-24 18:00:00,1137.6666
2024-11-24 18:15:00,1200.3334
2024-11-24 18:30:00,967.3333
2024-11-24 18:45:00,1032.0
2024-11-24 19:00:00,1076.0
2024-11-24 19:15:00,951.0
2024-11-24 19:30:00,1082.6666
2024-11-24 19:45:00,1135.3334
2024-11-24 20:00:00,885.6667
2024-11-24 20:15:00,1016.6667
2024-11-24 20:30:00,1049.3334
2024-11-24 20:45:00,945.6667
2024-11-24 21:00:00,937.6667
2024-11-24 21:15:00,926.3333
2024-11-24 21:30:00,962.3333
2024-11-24 21:45:00,1001.0
2024-11-24 22:00:00,979.0
2024-11-24 22:15:00,926.0
2024-11-24 22:30:00,887.3333
2024-11-24 22:45:00,749.6667
2024-11-24 23:00:00,717.3333
2024-11-24 23:15:00,847.6667
2024-11-24 23:30:00,814.6667
2024-11-24 23:45:00,763.0
2024-11-25 00:00:00,494.66666
2024-11-25 00:15:00,262.33334
2024-11-25 00:30:00,507.66666
2024-11-25 00:45:00,505.0
2024-11-25 01:00:00,394.33334
2024-11-25 01:15:00,489.33334
2024-11-25 01:30:00,427.0
2024-11-25 01:45:00,251.33333
2024-11-25 02:00:00,399.0
2024-11-25 02:15:00,442.66666
2024-11-25 02:30:00,457.0
2024-11-25 02:45:00,426.0
2024-11-25 03:00:00,370.33334
2024-11-25 03:15:00,296.33334
2024-11-25 03:30:00,342.0
2024-11-25 03:45:00,328.33334
2024-11-25 04:00:00,401.66666
2024-11-25 04:15:00,406.75
2024-11-25 04:30:00,324.33334
2024-11-25 04:45:00,354.33334
2024-11-25 05:00:00,352.0
2024-11-25 05:15:00,370.0
2024-11-25 05:30:00,527.6667
2024-11-25 05:45:00,847.3333
2024-11-25 06:00:00,460.0
2024-11-25 06:15:00,641.6667
2024-11-25 06:30:00,672.3333
2024-11-25 06:45:00,508.33334
2024-11-25 07:00:00,666.3333
2024-11-25 07:15:00,723.3001
2024-11-25 07:30:00,534.4519
2024-11-25 07:45:00,765.6177
2024-11-25 08:00:00,677.65784
2024-11-25 08:15:00,640.58685
2024-11-25 08:30:00,799.9986
2024-11-25 08:45:00,1681.8611
2024-11-25 09:00:00,714.6425
2024-11-25 09:15:00,771.6456
2024-11-25 09:30:00,690.49695
2024-11-25 09:45:00,731.4034
2024-11-25 10:00:00,719.35645
2024-11-25 10:15:00,486.55518
2024-11-25 10:30:00,229.00635
2024-11-25 10:45:00,425.9878
2024-11-25 11:00:00,772.30664
2024-11-25 11:15:00,1062.0
2024-11-25 11:30:00,617.7197
2024-11-25 11:45:00,516.21875
2024-11-25 12:00:00,434.9364
2024-11-25 12:15:00,287.51294
2024-11-25 12:30:00,327.13635
2024-11-25 12:45:00,544.1499
2024-11-25 13:00:00,361.6901
2024-11-25 13:15:00,448.71213
2024-11-25 13:30:00,511.18707
2024-11-25 13:45:00,395.70984
2024-11-25 14:00:00,1028.6104
2024-11-25 14:15:00,2369.784
2024-11-25 14:30:00,2306.8113
2024-11-25 14:45:00,1111.232
2024-11-25 15:00:00,592.24756
2024-11-25 15:15:00,1093.1422
2024-11-25 15:30:00,570.99866
2024-11-25 15:45:00,609.94165
2024-11-25 16:00:00,1031.719
2024-11-25 16:15:00,811.0199
2024-11-25 16:30:00,794.3333
2024-11-25 16:45:00,712.0
2024-11-25 17:00:00,840.6667
2024-11-25 17:15:00,878.3333
2024-11-25 17:30:00,836.3333
2024-11-25 17:45:00,1043.3334
2024-11-25 18:00:00,1067.6666
2024-11-25 18:15:00,1209.25
2024-11-25 18:30:00,1186.0
2024-11-25 18:45:00,1032.3334
2024-11-25 19:00:00,1069.0
2024-11-25 19:15:00,1155.0
2024-11-25 19:30:00,1109.6666
2024-11-25 19:45:00,1341.3334
2024-11-25 20:00:00,1319.6666
2024-11-25 20:15:00,1138.6666
2024-11-25 20:30:00,1248.3334
2024-11-25 20:45:00,1154.3334
2024-11-25 21:00:00,1120.3334
2024-11-25 21:15:00,1156.6666
2024-11-25 21:30:00,1052.6666
2024-11-25 21:45:00,976.3333
2024-11-25 22:00:00,1199.0
2024-11-25 22:15:00,2294.6667
2024-11-25 22:30:00,884.3333
2024-11-25 22:45:00,1538.3334
2024-11-25 23:00:00,728.3333
2024-11-25 23:15:00,762.0
2024-11-25 23:30:00,695.3333
2024-11-25 23:45:00,492.33334
2024-11-26 00:00:00,584.6667
2024-11-26 00:15:00,592.0
2024-11-26 00:30:00,504.0
2024-11-26 00:45:00,560.6667
2024-11-26 01:00:00,479.66666
2024-11-26 01:15:00,359.0
2024-11-26 01:30:00,449.66666
2024-11-26 01:45:00,434.66666
2024-11-26 02:00:00,386.33334
2024-11-26 02:15:00,562.3333
2024-11-26 02:30:00,520.3333
2024-11-26 02:45:00,287.33334
2024-11-26 03:00:00,434.33334
2024-11-26 03:15:00,306.33334
2024-11-26 03:30:00,297.0
2024-11-26 03:45:00,605.6667
2024-11-26 04:00:00,418.33334
2024-11-26 04:15:00,302.5
2024-11-26 04:30:00,553.0
2024-11-26 04:45:00,629.0
2024-11-26 05:00:00,496.0
2024-11-26 05:15:00,795.0
2024-11-26 05:30:00,791.3333
2024-11-26 05:45:00,726.0
2024-11-26 06:00:00,814.6667
2024-11-26 06:15:00,770.0
2024-11-26 06:30:00,629.0
2024-11-26 06:45:00,1534.0
2024-11-26 07:00:00,793.5814
2024-11-26 07:15:00,806.07806
2024-11-26 07:30:00,831.43726
2024-11-26 07:45:00,717.28735
2024-11-26 08:00:00,809.22046
2024-11-26 08:15:00,830.29974
2024-11-26 08:30:00,641.17145
2024-11-26 08:45:00,744.30835
2024-11-26 09:00:00,794.18713
2024-11-26 09:15:00,679.6117
2024-11-26 09:30:00,743.2283
2024-11-26 09:45:00,860.8761
2024-11-26 10:00:00,717.4964
2024-11-26 10:15:00,711.78314
2024-11-26 10:30:00,488.99847
2024-11-26 10:45:00,485.14355
2024-11-26 11:00:00,328.21964
2024-11-26 11:15:00,1232.9852
2024-11-26 11:30:00,3529.534
2024-11-26 11:45:00,929.62885
2024-11-26 12:00:00,493.33514
2024-11-26 12:15:00,454.0155
2024-11-26 12:30:00,1788.6006
2024-11-26 12:45:00,1273.6403
2024-11-26 13:00:00,457.0053
2024-11-26 13:15:00,507.84946
2024-11-26 13:30:00,1349.4242
2024-11-26 13:45:00,470.6718
2024-11-26 14:00:00,411.17892
2024-11-26 14:15:00,488.5904
2024-11-26 14:30:00,402.3689
2024-11-26 14:45:00,438.58856
2024-11-26 15:00:00,1680.9872
2024-11-26 15:15:00,2781.645
2024-11-26 15:30:00,2999.275
2024-11-26 15:45:00,706.2832
2024-11-26 16:00:00,770.5563
2024-11-26 16:15:00,631.0
2024-11-26 16:30:00,784.6667
2024-11-26 16:45:00,1215.3334
2024-11-26 17:00:00,1166.3334
2024-11-26 17:15:00,898.6667
2024-11-26 17:30:00,830.3333
2024-11-26 17:45:00,827.3333
2024-11-26 18:00:00,660.3333
2024-11-26 18:15:00,752.0
2024-11-26 18:30:00,794.0
2024-11-26 18:45:00,818.0
2024-11-26 19:00:00,977.3333
2024-11-26 19:15:00,1147.6666
2024-11-26 19:30:00,1012.0
2024-11-26 19:45:00,1267.6666
2024-11-26 20:00:00,1366.6666
2024-11-26 20:15:00,989.6667
2024-11-26 20:30:00,1200.6666
2024-11-26 20:45:00,1081.6666
2024-11-26 21:00:00,896.6667
2024-11-26 21:15:00,1613.0
2024-11-26 21:30:00,899.3333
2024-11-26 21:45:00,955.3333
2024-11-26 22:00:00,1018.6667
2024-11-26 22:15:00,967.6667
2024-11-26 22:30:00,867.0
2024-11-26 22:45:00,926.3333
2024-11-26 23:00:00,695.6667
2024-11-26 23:15:00,416.0
2024-11-26 23:30:00,600.0
2024-11-26 23:45:00,536.3333
2024-11-27 00:00:00,418.33334
2024-11-27 00:15:00,483.0
2024-11-27 00:30:00,352.33334
2024-11-27 00:45:00,297.0
2024-11-27 01:00:00,426.0
2024-11-27 01:15:00,410.0
2024-11-27 01:30:00,415.66666
2024-11-27 01:45:00,475.33334
2024-11-27 02:00:00,321.0
2024-11-27 02:15:00,392.33334
2024-11-27 02:30:00,628.3333
2024-11-27 02:45:00,443.33334
2024-11-27 03:00:00,528.3333
2024-11-27 03:15:00,368.66666
2024-11-27 03:30:00,495.66666
2024-11-27 03:45:00,614.3333
2024-11-27 04:00:00,598.75
2024-11-27 04:15:00,570.3333
2024-11-27 04:30:00,747.3333
2024-11-27 04:45:00,662.3333
2024-11-27 05:00:00,660.6667
2024-11-27 05:15:00,637.6667
2024-11-27 05:30:00,672.3333
2024-11-27 05:45:00,649.6667
2024-11-27 06:00:00,775.6667
2024-11-27 06:15:00,766.6667
2024-11-27 06:30:00,836.0
2024-11-27 06:45:00,1386.6666
2024-11-27 07:00:00,622.6667
2024-11-27 07:15:00,819.3333
2024-11-27 07:30:00,919.6667
2024-11-27 07:45:00,731.3333
2024-11-27 08:00:00,847.1901
2024-11-27 08:15:00,639.66394
2024-11-27 08:30:00,649.0834
2024-11-27 08:45:00,769.57806
2024-11-27 09:00:00,693.63605
2024-11-27 09:15:00,1685.6814
2024-11-27 09:30:00,1047.215
2024-11-27 09:45:00,619.32263
2024-11-27 10:00:00,440.72644
2024-11-27 10:15:00,617.3519
2024-11-27 10:30:00,443.39853
2024-11-27 10:45:00,497.7544
2024-11-27 11:00:00,425.67224
2024-11-27 11:15:00,243.60815
2024-11-27 11:30:00,539.6267
2024-11-27 11:45:00,692.41547
2024-11-27 12:00:00,366.3673
2024-11-27 12:15:00,499.34097
2024-11-27 12:30:00,439.47104
2024-11-27 12:45:00,582.0833
2024-11-27 13:00:00,682.9097
2024-11-27 13:15:00,425.28235
2024-11-27 13:30:00,431.1613
2024-11-27 13:45:00,501.61014
2024-11-27 14:00:00,442.8487
2024-11-27 14:15:00,469.39014
2024-11-27 14:30:00,1132.0889
2024-11-27 14:45:00,2578.181
2024-11-27 15:00:00,1995.6654
2024-11-27 15:15:00,1399.9775
2024-11-27 15:30:00,2167.2397
2024-11-27 15:45:00,2629.011
2024-11-27 16:00:00,652.6667
2024-11-27 16:15:00,644.0
2024-11-27 16:30:00,908.6667
2024-11-27 16:45:00,1076.0
2024-11-27 17:00:00,1157.3334
2024-11-27 17:15:00,1195.0
2024-11-27 17:30:00,1047.6666
2024-11-27 17:45:00,1114.0
2024-11-27 18:00:00,1197.3334
2024-11-27 18:15:00,1245.0
2024-11-27 18:30:00,1252.3334
2024-11-27 18:45:00,1281.6666
2024-11-27 19:00:00,1119.6666
2024-11-27 19:15:00,1229.6666
2024-11-27 19:30:00,1318.6666
2024-11-27 19:45:00,1161.3334
2024-11-27 20:00:00,1312.6666
2024-11-27 20:15:00,1187.3334
2024-11-27 20:30:00,1002.0
2024-11-27 20:45:00,1078.0
2024-11-27 21:00:00,1677.3334
2024-11-27 21:15:00,829.3333
2024-11-27 21:30:00,979.6667
2024-11-27 21:45:00,1038.6666
2024-11-27 22:00:00,967.0
2024-11-27 22:15:00,1079.0
2024-11-27 22:30:00,971.0
2024-11-27 22:45:00,775.0
2024-11-27 23:00:00,793.0
2024-11-27 23:15:00,730.3333
2024-11-27 23:30:00,573.6667
2024-11-27 23:45:00,651.0
2024-11-28 00:00:00,564.0
2024-11-28 00:15:00,433.66666
2024-11-28 00:30:00,461.0
2024-11-28 00:45:00,541.6667
2024-11-28 01:00:00,533.3333
2024-11-28 01:15:00,585.3333
2024-11-28 01:30:00,329.33334
2024-11-28 01:45:00,182.0
2024-11-28 02:00:00,286.0
2024-11-28 02:15:00,411.0
2024-11-28 02:30:00,428.0
2024-11-28 02:45:00,328.0
2024-11-28 03:00:00,349.33334
2024-11-28 03:15:00,226.33333
2024-11-28 03:30:00,205.33333
2024-11-28 03:45:00,348.0
2024-11-28 04:00:00,345.66666
2024-11-28 04:15:00,326.33334
2024-11-28 04:30:00,342.33334
2024-11-28 04:45:00,266.0
2024-11-28 05:00:00,217.0
2024-11-28 05:15:00,312.0
2024-11-28 05:30:00,676.0
2024-11-28 05:45:00,554.3333
2024-11-28 06:00:00,906.3333
2024-11-28 06:15:00,930.6667
2024-11-28 06:30:00,400.66666
2024-11-28 06:45:00,648.3333
2024-11-28 07:00:00,709.3333
2024-11-28 07:15:00,779.18823
2024-11-28 07:30:00,637.127
2024-11-28 07:45:00,701.2289
2024-11-28 08:00:00,672.5873
2024-11-28 08:15:00,651.1135
2024-11-28 08:30:00,1287.7969
2024-11-28 08:45:00,2076.9146
2024-11-28 09:00:00,680.7388
2024-11-28 09:15:00,675.6433
2024-11-28 09:30:00,669.71094
2024-11-28 09:45:00,789.66376
2024-11-28 10:00:00,832.9128
2024-11-28 10:15:00,566.92334
2024-11-28 10:30:00,368.91312
2024-11-28 10:45:00,328.76654
2024-11-28 11:00:00,362.1701
2024-11-28 11:15:00,517.51794
2024-11-28 11:30:00,539.9382
2024-11-28 11:45:00,933.48663
2024-11-28 12:00:00,1532.4214
2024-11-28 12:15:00,382.89133
2024-11-28 12:30:00,374.45938
2024-11-28 12:45:00,509.58392
2024-11-28 13:00:00,519.0864
2024-11-28 13:15:00,991.91754
2024-11-28 13:30:00,572.50586
2024-11-28 13:45:00,516.8569
2024-11-28 14:00:00,506.69836
2024-11-28 14:15:00,715.39014
2024-11-28 14:30:00,664.784
2024-11-28 14:45:00,692.3333
2024-11-28 15:00:00,563.3333
2024-11-28 15:15:00,404.15955
2024-11-28 15:30:00,977.9282
2024-11-28 15:45:00,1025.3334
2024-11-28 16:00:00,1090.0
2024-11-28 16:15:00,993.6667
2024-11-28 16:30:00,1101.3334
2024-11-28 16:45:00,656.3333
2024-11-28 17:00:00,2100.0
2024-11-28 17:15:00,2271.6667
2024-11-28 17:30:00,1347.0
2024-11-28 17:45:00,996.0
2024-11-28 18:00:00,932.3333
2024-11-28 18:15:00,849.6667
2024-11-28 18:30:00,1034.0
2024-11-28 18:45:00,973.6667
2024-11-28 19:00:00,867.3333
2024-11-28 19:15:00,987.0
2024-11-28 19:30:00,960.3333
2024-11-28 19:45:00,840.0
2024-11-28 20:00:00,1019.3333
2024-11-28 20:15:00,912.3333
2024-11-28 20:30:00,745.6667
2024-11-28 20:45:00,923.3333
2024-11-28 21:00:00,838.6667
2024-11-28 21:15:00,734.6667
2024-11-28 21:30:00,925.6667
2024-11-28 21:45:00,1517.6666
2024-11-28 22:00:00,744.0
2024-11-28 22:15:00,947.6667
2024-11-28 22:30:00,874.0
2024-11-28 22:45:00,737.0
2024-11-28 23:00:00,873.3333
2024-11-28 23:15:00,553.0
2024-11-28 23:30:00,423.66666
2024-11-28 23:45:00,476.33334
2024-11-29 00:00:00,414.66666
2024-11-29 00:15:00,488.0
2024-11-29 00:30:00,565.3333
2024-11-29 00:45:00,399.33334
2024-11-29 01:00:00,307.33334
2024-11-29 01:15:00,356.66666
2024-11-29 01:30:00,299.66666
2024-11-29 01:45:00,380.66666
2024-11-29 02:00:00,533.3333
2024-11-29 02:15:00,407.33334
2024-11-29 02:30:00,286.33334
2024-11-29 02:45:00,282.66666
2024-11-29 03:00:00,203.66667
2024-11-29 03:15:00,438.33334
2024-11-29 03:30:00,536.6667
2024-11-29 03:45:00,286.0
2024-11-29 04:00:00,354.33334
2024-11-29 04:15:00,277.66666
2024-11-29 04:30:00,198.33333
2024-11-29 04:45:00,431.33334
2024-11-29 05:00:00,765.3333
2024-11-29 05:15:00,407.0
2024-11-29 05:30:00,633.6667
2024-11-29 05:45:00,641.6667
2024-11-29 06:00:00,570.6667
2024-11-29 06:15:00,682.3333
2024-11-29 06:30:00,794.6667
2024-11-29 06:45:00,673.3333
2024-11-29 07:00:00,653.3333
2024-11-29 07:15:00,696.3333
2024-11-29 07:30:00,580.3333
2024-11-29 07:45:00,736.0551
2024-11-29 08:00:00,791.0457
2024-11-29 08:15:00,1353.5507
2024-11-29 08:30:00,1018.7621
2024-11-29 08:45:00,663.49084
2024-11-29 09:00:00,566.7871
2024-11-29 09:15:00,726.73517
2024-11-29 09:30:00,990.9259
2024-11-29 09:45:00,1068.8776
2024-11-29 10:00:00,627.1808
2024-11-29 10:15:00,418.53705
2024-11-29 10:30:00,421.8266
2024-11-29 10:45:00,580.20264
2024-11-29 11:00:00,513.74335
2024-11-29 11:15:00,568.46826
2024-11-29 11:30:00,676.34424
2024-11-29 11:45:00,621.76514
2024-11-29 12:00:00,502.23267
2024-11-29 12:15:00,519.8677
2024-11-29 12:30:00,495.96478
2024-11-29 12:45:00,709.0314
2024-11-29 13:00:00,667.06885
2024-11-29 13:15:00,484.81024
2024-11-29 13:30:00,571.1964
2024-11-29 13:45:00,527.99115
2024-11-29 14:00:00,474.23633
2024-11-29 14:15:00,623.0826
2024-11-29 14:30:00,416.03455
2024-11-29 14:45:00,331.5507
2024-11-29 15:00:00,456.9394
2024-11-29 15:15:00,613.5414
2024-11-29 15:30:00,1063.0449
2024-11-29 15:45:00,543.6713
2024-11-29 16:00:00,492.65366
2024-11-29 16:15:00,490.0
2024-11-29 16:30:00,1353.6666
2024-11-29 16:45:00,1385.6666
2024-11-29 17:00:00,2141.6667
2024-11-29 17:15:00,1317.3334
2024-11-29 17:30:00,1184.6666
2024-11-29 17:45:00,1225.3334
2024-11-29 18:00:00,1379.0
2024-11-29 18:15:00,1161.5
2024-11-29 18:30:00,1289.6666
2024-11-29 18:45:00,1185.3334
2024-11-29 19:00:00,983.6667
2024-11-29 19:15:00,1171.3334
2024-11-29 19:30:00,1863.6666
2024-11-29 19:45:00,1584.0
2024-11-29 20:00:00,1338.3334
2024-11-29 20:15:00,1286.6666
2024-11-29 20:30:00,1125.0
2024-11-29 20:45:00,1888.6666
2024-11-29 21:00:00,968.3333
2024-11-29 21:15:00,989.6667
2024-11-29 21:30:00,1375.6666
2024-11-29 21:45:00,974.6667
2024-11-29 22:00:00,890.3333
2024-11-29 22:15:00,987.0
2024-11-29 22:30:00,768.0
2024-11-29 22:45:00,828.0
2024-11-29 23:00:00,700.6667
2024-11-29 23:15:00,562.3333
2024-11-29 23:30:00,499.66666
2024-11-29 23:45:00,472.66666
2024-11-30 00:00:00,377.66666
2024-11-30 00:15:00,577.0
2024-11-30 00:30:00,593.0
2024-11-30 00:45:00,461.0
2024-11-30 01:00:00,518.3333
2024-11-30 01:15:00,462.0
2024-11-30 01:30:00,390.0
2024-11-30 01:45:00,622.6667
2024-11-30 02:00:00,576.0
2024-11-30 02:15:00,431.0
2024-11-30 02:30:00,503.0
2024-11-30 02:45:00,291.66666
2024-11-30 03:00:00,266.33334
2024-11-30 03:15:00,372.66666
2024-11-30 03:30:00,361.66666
2024-11-30 03:45:00,266.33334
2024-11-30 04:00:00,1481.3334
2024-11-30 04:15:00,1018.6667
2024-11-30 04:30:00,305.0
2024-11-30 04:45:00,583.0
2024-11-30 05:00:00,633.6667
2024-11-30 05:15:00,627.3333
2024-11-30 05:30:00,616.0
2024-11-30 05:45:00,496.66666
2024-11-30 06:00:00,602.3333
2024-11-30 06:15:00,1366.0
2024-11-30 06:30:00,2480.3333
2024-11-30 06:45:00,1392.6666
2024-11-30 07:00:00,686.3333
2024-11-30 07:15:00,688.0
2024-11-30 07:30:00,788.85034
2024-11-30 07:45:00,731.131
2024-11-30 08:00:00,791.7952
2024-11-30 08:15:00,816.47473
2024-11-30 08:30:00,630.2034
2024-11-30 08:45:00,1351.2484
2024-11-30 09:00:00,684.0994
2024-11-30 09:15:00,1356.6993
2024-11-30 09:30:00,1843.542
2024-11-30 09:45:00,2492.5083
2024-11-30 10:00:00,2201.1887
2024-11-30 10:15:00,1767.1536
2024-11-30 10:30:00,582.24976
2024-11-30 10:45:00,2266.4126
2024-11-30 11:00:00,1145.0818
2024-11-30 11:15:00,2995.0854
2024-11-30 11:30:00,2545.6826
2024-11-30 11:45:00,1747.0101
2024-11-30 12:00:00,1664.8593
2024-11-30 12:15:00,2643.151
2024-11-30 12:30:00,3833.8608
2024-11-30 12:45:00,780.8097
2024-11-30 13:00:00,1295.8252
2024-11-30 13:15:00,902.4033
2024-11-30 13:30:00,819.4258
2024-11-30 13:45:00,582.62366
2024-11-30 14:00:00,573.5214
2024-11-30 14:15:00,465.32938
2024-11-30 14:30:00,670.39984
2024-11-30 14:45:00,543.75256
2024-11-30 15:00:00,559.673
2024-11-30 15:15:00,1893.5453
2024-11-30 15:30:00,1784.2507
2024-11-30 15:45:00,1259.0452
2024-11-30 16:00:00,755.59247
2024-11-30 16:15:00,754.0
2024-11-30 16:30:00,903.6667
2024-11-30 16:45:00,1120.3334
2024-11-30 17:00:00,1042.3334
2024-11-30 17:15:00,1154.0
2024-11-30 17:30:00,1105.3334
2024-11-30 17:45:00,1592.3334
2024-11-30 18:00:00,1047.0
2024-11-30 18:15:00,1737.0
2024-11-30 18:30:00,822.3333
2024-11-30 18:45:00,942.6667
2024-11-30 19:00:00,804.6667
2024-11-30 19:15:00,764.0
2024-11-30 19:30:00,799.3333
2024-11-30 19:45:00,804.3333
2024-11-30 20:00:00,836.6667
2024-11-30 20:15:00,920.0
2024-11-30 20:30:00,808.0
2024-11-30 20:45:00,694.0
2024-11-30 21:00:00,689.3333
2024-11-30 21:15:00,593.3333
2024-11-30 21:30:00,794.0
2024-11-30 21:45:00,1539.3334
2024-11-30 22:00:00,690.6667
2024-11-30 22:15:00,662.3333
2024-11-30 22:30:00,642.3333
2024-11-30 22:45:00,517.6667
2024-11-30 23:00:00,588.6667
2024-11-30 23:15:00,665.3333
2024-11-30 23:30:00,489.33334
2024-11-30 23:45:00,515.3333
2024-12-01 00:00:00,458.66666
2024-12-01 00:15:00,377.0
2024-12-01 00:30:00,485.0
2024-12-01 00:45:00,515.0
2024-12-01 01:00:00,481.33334
2024-12-01 01:15:00,461.66666
2024-12-01 01:30:00,368.33334
2024-12-01 01:45:00,301.0
2024-12-01 02:00:00,350.0
2024-12-01 02:15:00,337.0
2024-12-01 02:30:00,435.33334
2024-12-01 02:45:00,399.33334
2024-12-01 03:00:00,299.33334
2024-12-01 03:15:00,341.33334
2024-12-01 03:30:00,356.0
2024-12-01 03:45:00,297.0
2024-12-01 04:00:00,473.33334
2024-12-01 04:15:00,644.0
2024-12-01 04:30:00,406.0
2024-12-01 04:45:00,529.6667
2024-12-01 05:00:00,448.0
2024-12-01 05:15:00,558.3333
2024-12-01 05:30:00,711.6667
2024-12-01 05:45:00,618.0
2024-12-01 06:00:00,580.6667
2024-12-01 06:15:00,634.6667
2024-12-01 06:30:00,534.0
2024-12-01 06:45:00,589.0
2024-12-01 07:00:00,778.0
2024-12-01 07:15:00,731.0
2024-12-01 07:30:00,726.0
2024-12-01 07:45:00,766.0528
2024-12-01 08:00:00,638.4413
2024-12-01 08:15:00,688.14874
2024-12-01 08:30:00,822.6483
2024-12-01 08:45:00,741.0545
2024-12-01 09:00:00,1498.9822
2024-12-01 09:15:00,805.50964
2024-12-01 09:30:00,1626.0983
2024-12-01 09:45:00,791.05554
2024-12-01 10:00:00,525.01807
2024-12-01 10:15:00,501.3943
2024-12-01 10:30:00,651.87616
2024-12-01 10:45:00,679.82495
2024-12-01 11:00:00,1134.4883
2024-12-01 11:15:00,723.3587
2024-12-01 11:30:00,855.14166
2024-12-01 11:45:00,1054.2739
2024-12-01 12:00:00,1103.4475
2024-12-01 12:15:00,764.1022
2024-12-01 12:30:00,1312.7505
2024-12-01 12:45:00,899.87036
2024-12-01 13:00:00,1385.1326
2024-12-01 13:15:00,610.2638
2024-12-01 13:30:00,1102.9202
2024-12-01 13:45:00,599.1545
2024-12-01 14:00:00,703.9216
2024-12-01 14:15:00,880.17664
2024-12-01 14:30:00,1078.0571
2024-12-01 14:45:00,3376.4907
2024-12-01 15:00:00,2080.9897
2024-12-01 15:15:00,4423.7075
2024-12-01 15:30:00,1488.628
2024-12-01 15:45:00,1085.7817
2024-12-01 16:00:00,1028.6666
2024-12-01 16:15:00,1275.3334
2024-12-01 16:30:00,1288.0
2024-12-01 16:45:00,1185.3334
2024-12-01 17:00:00,1124.0
2024-12-01 17:15:00,951.6667
2024-12-01 17:30:00,1134.0
2024-12-01 17:45:00,1079.0
2024-12-01 18:00:00,1094.0
2024-12-01 18:15:00,1198.6666
2024-12-01 18:30:00,1205.0
2024-12-01 18:45:00,1207.3334
2024-12-01 19:00:00,1319.3334
2024-12-01 19:15:00,1338.3334
2024-12-01 19:30:00,1288.6666
2024-12-01 19:45:00,1336.0
2024-12-01 20:00:00,1308.6666
2024-12-01 20:15:00,1205.6666
2024-12-01 20:30:00,1271.0
2024-12-01 20:45:00,1347.0
2024-12-01 21:00:00,1202.3334
2024-12-01 21:15:00,1930.6666
2024-12-01 21:30:00,1201.6666
2024-12-01 21:45:00,1041.0
2024-12-01 22:00:00,1123.6666
2024-12-01 22:15:00,1598.0
2024-12-01 22:30:00,1015.3333
2024-12-01 22:45:00,932.3333
2024-12-01 23:00:00,831.3333
2024-12-01 23:15:00,512.6667
2024-12-01 23:30:00,569.0
2024-12-01 23:45:00,440.33334
2024-12-02 00:00:00,509.33334
2024-12-02 00:15:00,602.0
2024-12-02 00:30:00,469.66666
2024-12-02 00:45:00,415.33334
2024-12-02 01:00:00,537.0
2024-12-02 01:15:00,354.33334
2024-12-02 01:30:00,440.66666
2024-12-02 01:45:00,503.33334
2024-12-02 02:00:00,349.0
2024-12-02 02:15:00,445.66666
2024-12-02 02:30:00,394.33334
2024-12-02 02:45:00,226.66667
2024-12-02 03:00:00,432.33334
2024-12-02 03:15:00,457.0
2024-12-02 03:30:00,430.66666
2024-12-02 03:45:00,398.33334
2024-12-02 04:00:00,321.0
2024-12-02 04:15:00,520.6667
2024-12-02 04:30:00,581.3333
2024-12-02 04:45:00,720.0
2024-12-02 05:00:00,665.3333
2024-12-02 05:15:00,743.6667
2024-12-02 05:30:00,665.3333
2024-12-02 05:45:00,1010.0
2024-12-02 06:00:00,715.3333
2024-12-02 06:15:00,896.3333
2024-12-02 06:30:00,992.0
2024-12-02 06:45:00,911.0
2024-12-02 07:00:00,907.0
2024-12-02 07:15:00,977.688
2024-12-02 07:30:00,856.8772
2024-12-02 07:45:00,1002.18365
2024-12-02 08:00:00,1064.7073
2024-12-02 08:15:00,814.3484
2024-12-02 08:30:00,1012.1631
2024-12-02 08:45:00,973.7328
2024-12-02 09:00:00,1844.1692
2024-12-02 09:15:00,996.2706
2024-12-02 09:30:00,982.8312
2024-12-02 09:45:00,815.2545
2024-12-02 10:00:00,704.12695
2024-12-02 10:15:00,819.14056
2024-12-02 10:30:00,625.1223
2024-12-02 10:45:00,812.3696
2024-12-02 11:00:00,1908.051
2024-12-02 11:15:00,2668.0352
2024-12-02 11:30:00,2318.0645
2024-12-02 11:45:00,1929.7474
2024-12-02 12:00:00,1177.3523
2024-12-02 12:15:00,1398.7327
2024-12-02 12:30:00,738.0582
2024-12-02 12:45:00,751.84705
